Document Number,Document Title,FSC,Preparing Activity,Date,Notice Date,Amendment Date,Interim Amendment Date
FED-STD-313F,"MATERIAL SAFETY DATA, TRANSPORTATION DATA AND DISPOSAL DATA FOR HAZARDOUS MATERIALS FURNISHED TO GOVERNMENT ACTIVITIES",MISC,FAS,12-Oct-2018,,,
595,COLORS USED IN GOVERNMENT PROCUREMENT,8010,FAS,16-Jan-2008,,,
FED-STD-307AJ,"Trucks, Light Commercial, 4x2 and 4x4 1,800kg (4,000 lbs) to",2320,FSS,1-Jul-2005,,,
FED-STD-311/GEN,"Leather, Methods of Sampling and Testing",8300,GL,15-Jan-1969,,,
FED-STD-311/1011.1,"Thickness, Unit",8300,GL,27-Aug-1971,,,
FED-STD-311/1021.1,"Thickness, Specimen",8300,GL,27-Aug-1971,,,
FED-STD-311/1111,"Area, Unit, Weight Method",8300,GL,15-Jan-1969,,,
FED-STD-311/1121,"Area, Unit, Template Method",8300,GL,15-Jan-1969,,,
FED-STD-311/1211,"Width and Length, Unit",8300,GL,15-Jan-1969,,,
FED-STD-311/1231,Apparent Density of Leather,8300,GL,15-Jan-1969,,,
FED-STD-311/2021,"Breaking Force or Tensile Strength, and Elongation: Dumbbell",8300,GL,15-Jan-1969,,,
FED-STD-311/2031,"Breaking Force and Elongation, Grab Method",8300,GL,15-Jan-1969,,,
FED-STD-311/2051,"Bursting Strength, Plunger Method",8300,GL,15-Jan-1969,,,
FED-STD-311/2061,"Shear Strength, Stuck-On Rib",8300,GL,24-Jan-1975,,,
FED-STD-311/2111,"Tearing Strength, Tongue",8300,GL,15-Jan-1969,,,
FED-STD-311/2121,"Tearing Strength, Split",8300,GL,15-Jan-1969,,,
FED-STD-311/2131,"Tearing Strength, Buckle",8300,GL,15-Jan-1969,,,
FED-STD-311/2141,"Tearing Strength, Stitch, Single Hole",8300,GL,15-Jan-1969,,,
FED-STD-311/2151,"Tearing Strength, Stitch, Double Hole",8300,GL,15-Jan-1969,,,
FED-STD-311/2161,"Tearing Strength, Slot Tear",8300,GL,15-Jan-1969,,,
FED-STD-311/2171,"Tearing Strength, Stitch, Stuck-On Rib",8300,GL,24-Jan-1975,,,
FED-STD-311/2211,"Resistance to Grain Crack, Mullen Test",8300,GL,15-Jan-1969,,,
FED-STD-311/3021.2,Staining,8300,GL,24-Jan-1975,,,
FED-STD-311/3031.1,"Colorfastness (Resistance to Rubbing), Precision Crockmeter",8300,GL,27-Aug-1971,,,
FED-STD-311/3041.1,Area Stability of Leather to Laundering,8300,GL,24-Jan-1975,,,
FED-STD-311/3111,Tackiness,8300,GL,15-Jan-1969,,,
FED-STD-311/3121.1,Blocking,8300,GL,27-Aug-1971,,,
FED-STD-311/3202,Finish Stability,8300,GL,15-Jan-1969,,,
FED-STD-311/3203,Corrosive Effects of Leather,8300,GL,15-Jan-1969,,,
FED-STD-311/3211.2,Area Stability of Leather to Perspiration,8300,GL,24-Jan-1975,,,
FED-STD-311/3221,Resistance to Perspiration (White Chrome Leather),8300,GL,15-Jan-1969,,,
FED-STD-311/4011,"Cracking, Vise",8300,GL,15-Jan-1969,,,
FED-STD-358,Sampling Procedures,MISC,FSS,10-Jan-1975,,,
FED-STD-364,"Motion Picture, Sound, Super 8 Millimeter, Format for",6730,AS,9-Dec-1975,,,
FED-STD-365,"Film Slide, Projection, Photographic, Format for 50 Millimet",6750,FSS,26-Nov-1975,,,
FED-STD-366,"Mount, Film Slide, Photographic, Fileable (Overhead Projecto",6750,FSS,25-Feb-1977,,,
FED-STD-368A,Quality Control System Requirements,MISC,FSS,10-Dec-1979,,,
FED-STD-369,Sanitation Standards for Fish Plants,8905,GL,2-Aug-1977,,,
FED-STD-370,Instrumental Photometric Measurements of Retroreflective Mat,8010,FSS,1-Mar-1977,,,
FED-STD-372,Test for Critical Radiant Flux of Carpet Flooring Systems (F,7220,FSS,31-Aug-1977,,,
FED-STD-373,Instrumental Color Measurements of Retroreflective Materials,8010,FSS,1-Dec-1979,,,
FED-STD-376B,Preferred Metric Units for General Use by the Federal Govern,MISC,NBS,27-Jan-1993,,,
FED-STD-5F,Proposed Item Logistics Data Records,7610,FSS,23-Apr-1982,,,
FED-STD-501A/GEN,"Floor Coverings, Resilient, Nontextile Sampling and Testing",7220,FSS,15-Jun-1966,,,
FED-STD-501/1011,Separation of Fabric or Other Materials,7220,FSS,15-Jun-1966,,,
FED-STD-501/1021,Buffing,7220,FSS,15-Jun-1966,,,
FED-STD-501/1031,Preparation of Specimens,7220,FSS,15-Jun-1966,,,
FED-STD-501/1041,Conditioning,7220,FSS,15-Jun-1966,,,
FED-STD-501/2001,"Geometrical Measurements, General",7220,FSS,15-Jun-1966,,,
FED-STD-501/2111,"Thickness, Dial Micrometer",7220,FSS,15-Jun-1966,,,
FED-STD-501/2121,"Thickness, Dial Micrometer (Light Load)",7220,FSS,15-Jun-1966,,,
FED-STD-501/2131,"Thickness, Micrometer Caliper",7220,FSS,15-Jun-1966,,,
FED-STD-501/2141,"Thickness, Wearing Surface",7220,FSS,15-Jun-1966,,,
FED-STD-501/2151,"Thickness, Wearing Surface, Optical",7220,FSS,15-Jun-1966,,,
FED-STD-501/2211,"Width, Scale or Tape",7220,FSS,15-Jun-1966,,,
FED-STD-501/2231,"Size, Dial Gage",7220,FSS,15-Jun-1966,,,
FED-STD-501/2311,"Length, Scale or Tape",7220,FSS,15-Jun-1966,,,
FED-STD-536/101.2,Sampling and Acceptance Procedures,7930,FSS,9-May-1975,,,
FED-STD-536/1701,Sugars (Qualitative),7930,FSS,9-May-1975,,,
FED-STD-00116,"Mattress, Bed (Felt, Cotton)",MISC,FSS,15-May-1957,,"Int Amendment: 2 3-Jul-1963",
FED-STD-122AX,Automobiles: Sedans and Station Wagons Gasoline and Alternat,2310,FSS,1-Jul-2005,,,
FED-STD-125D,"Film, Photographic and Film, Photographic, Processed; (for P",6750,FSS,24-Jan-1977,,,
FED-STD-536/2001.2,Sudsing Test,7930,FSS,9-May-1975,,,
FED-STD-536/2101,Sieve Tests,7930,FSS,9-May-1975,,,
FED-STD-536/5101.1,Sampling,7930,FSS,9-May-1975,,,
FED-STD-536/6701,Cleaning Efficiency,7930,FSS,9-May-1975,,,
FED-STD-595C,Colors Used in Government Procurement,8010,FSS,16-Jan-2008,,,
FED-STD-601/GEN,Rubber: Sampling and Testing,9320,MR,12-Apr-1955,,,
FED-STD-601/2001,"Geometrical Measurements, General",9320,MR,12-Apr-1955,,,
FED-STD-601/2011,"Thickness, Micrometer, Flat Foot",9320,MR,12-Apr-1955,,,
FED-STD-601/2021,"Thickness, Micrometer, Spherical Foot",9320,MR,12-Apr-1955,,,
FED-STD-601/2031,"Thickness, Optical",9320,MR,12-Apr-1955,,,
FED-STD-601/2041,"Thickness, Magnetic Gage",9320,MR,12-Apr-1955,,,
FED-STD-601/2111,"Width, Narrow Units",9320,MR,12-Apr-1955,,,
FED-STD-601/2121,"Width, Scale or Tape",9320,MR,12-Apr-1955,,,
FED-STD-601/2211,"Diameter, Optical",9320,MR,12-Apr-1955,,,
FED-STD-601/2221,"Diameter, Scale or Tape",9320,MR,12-Apr-1955,,,
FED-STD-601/2231,"Diameter, Circumference Method",9320,MR,12-Apr-1955,,,
FED-STD-601/2311,"Circumference, Outer, Wire or Thread",9320,MR,12-Apr-1955,,,
FED-STD-601/2321,"Circumference, Diameter Method, Optical",9320,MR,12-Apr-1955,,,
FED-STD-601/2331,"Circumference, Scale",9320,MR,12-Apr-1955,,,
FED-STD-601/2341,"Circumference, Inner, Mandrel",9320,MR,12-Apr-1955,,,
FED-STD-601/2351,"Circumference, Outer, Tape",9320,MR,12-Apr-1955,,,
FED-STD-601/2361,"Circumference, Diameter, Scale or Tape",9320,MR,12-Apr-1955,,,
FED-STD-601/2411,Length,9320,MR,12-Apr-1955,,,
FED-STD-131C,Diazotype Paper Sheet Sizes,6750,AS,29-Mar-1968,,,
FED-STD-00131E,Diazotype Paper Sheet and Roll Sizes,6750,AS,5-Mar-1976,,,
FED-STD-141/4321.3,Brushing Properties,8010,MR,22-Mar-2001,,,
FED-STD-601/5211,"Flexibility, Bending Beam, Low-Temperature",9320,MR,12-Apr-1955,,,
FED-STD-601/5531,"Hardness, Plastometer, Low-Temperature",9320,MR,12-Apr-1955,,,
FED-STD-601/6001,"Liquid Treatment Tests, General",9320,MR,12-Apr-1955,,,
FED-STD-601/6111,Tensile Strength and Elongation Immediately After Immersion,9320,MR,12-Apr-1955,,,
FED-STD-601/6121,"Tensile Strength and Elongation, Liquid Immersion, After Rec",9320,MR,12-Apr-1955,,,
FED-STD-601/6211,"Change in Volume, Liquid Immersion",9320,MR,12-Apr-1955,,,
FED-STD-601/6251,"Change in Weight, Liquid Immersion",9320,MR,12-Apr-1955,,,
FED-STD-601/6311,"Change in Laminated Materials, Liquid Immersion",9320,MR,12-Apr-1955,,,
FED-STD-601/6411,"Hose, Change in Adhesion, Liquid Immersion",9320,MR,12-Apr-1955,,,
FED-STD-601/6511,"Extraction, Organic Solvent",9320,MR,12-Apr-1955,,,
FED-STD-601/6611,Resistance to Boiling Water,9320,MR,12-Apr-1955,,,
FED-STD-601/6621,"Extraction, Boiling Water",9320,MR,12-Apr-1955,,,
FED-STD-601/7001,"Accelerated Aging Tests, General",9320,MR,12-Apr-1955,,,
FED-STD-601/7411,"Sterilization, Steam",9320,MR,12-Apr-1955,,,
FED-STD-601/8311,"Adhesion, Seams (Seam Strength)",9320,MR,12-Apr-1955,,,
FED-STD-809A,Neutralization and Repair of GSA Approved Containers,7110,FSS,10-May-2005,,,
FED-STD-601/11241,"Impact Resistance, Hard Rubber, Variable Size Ball",9320,MR,12-Apr-1955,,,
FED-STD-601/11311,"Softening Point, Hard Rubber",9320,MR,12-Apr-1955,,,
FED-STD-601/12141,"Compression Resistance, Cellular Rubber Oscillograph",9320,MR,12-Apr-1955,,,
FED-STD-601/14211,Corrosion of Metal by Rubber,9320,MR,12-Apr-1955,,,
FED-STD-601/15411,Polysulfide Rubber (Thioplasts),9320,MR,12-Apr-1955,,,
FED-STD-601/15821,"Phosphate Plasticizer, Fusion Method",9320,MR,12-Apr-1955,,,
FED-STD-601/15825,"Phosphate Plasticizer, Sodium Method",9320,MR,12-Apr-1955,,,
FED-STD-601/16301,"Extractable Materials, General",9320,MR,12-Apr-1955,,,
FED-STD-832,Construction Methods and Materials For Vaults,7110,FSS,1-Sep-2002,,,
FED-STD-148/1.1,Filling Power,8320,GL,25-Oct-1968,,,
FED-STD-148/2,Determination of Composition of Feather Filling Materials,8320,GL,10-Dec-1964,,,
FED-STD-148/3,Determination of Brittleness of Feathers,8320,GL,10-Dec-1964,,,
FED-STD-148/4,Determination of Oxygen Number (Titration Method),8320,GL,10-Dec-1964,,,
FED-STD-148/5,Determination of Solvent Soluble Matter,8320,GL,10-Dec-1964,,,
FED-STD-791/103,Color of Gasoline,9100,MR,30-Sep-1986,,,
FED-STD-791/202.1,Cloud Intensity At Low Temperature,9100,MR,30-Sep-1986,,,
FED-STD-791/203.1,Pour Stability,9100,MR,30-Sep-1986,,,
FED-STD-791/204.1,Diluted Pour Point,9100,MR,30-Sep-1986,,,
FED-STD-791/313.3,Penetration of Lubricating Greases After Prolonged Working,9100,MR,30-Sep-1986,,,
FED-STD-791/321.3,Oil Separation From Lubricating Grease (Static Technique),9100,AT,30-Sep-1986,,,
FED-STD-791/331.2,Performance of Lubricating Grease in Antifriction Bearings,9100,MR,15-Jan-1969,,,
FED-STD-791/333.1,Performance of Lubrication Grease in Antifriction Bearings,9110,MR,15-Jan-1969,,,
FED-STD-791/3251.7,Water-Miscible Substances in Aircraft Jet and Rocket Fuels,9100,MR,15-Jan-1969,,,
FED-STD-791/3255.2,Water Separation Characteristics of Aviation Turbine Fuels,9100,MR,15-Jan-1969,,,
FED-STD-791/3289.1,Total Solids in Water for Aircraft Injection System,9100,MR,30-Sep-1986,,,
FED-STD-791/3290,Total and Dissolved Solids in Water for Aircraft Injection,9100,MR,15-Jan-1969,,,
FED-STD-791/3355.3,Oxidation Stability of Aviation Fuels (Potential Gum) (Air F,9100,MR,31-Dec-1961,,,
FED-STD-791/3403.2,Compatibility of Turbine Lubricating Oils,9100,MR,30-Sep-1986,,,
FED-STD-791/3405.2,Oxidation of Crankcase Lubricating Oils (Clear Engine),9100,MR,8-Mar-1972,,,
FED-STD-791/3407.2,Oxidation and Thermal Stability of Aircraft Engine Lubricati,9100,MR,30-Sep-1986,,,
FED-STD-791/3411.1,Thermal Stability and Corrosivity of Aircraft Turbine Engine,9100,MR,30-Sep-1986,,,
FED-STD-791/3420,"Demerit System for Rating Deposits, Wear, and Corrosion for",9100,MR,8-Mar-1972,,,
FED-STD-791/3430.2,Compatibility Characteristics of Universal Gear Lubricants,9100,MR,30-Sep-1986,,,
FED-STD-148/6,Determination of DDT (Dichloro-Diphenyl-Trichlormethane) Con,8320,GL,10-Dec-1964,,,
FED-STD-148/7,Determination of Moisture Content of Feather Filling Materia,8320,GL,10-Dec-1964,,,
FED-STD-148/8,Determination of Acidity (pH) of Feather Filling Materials,8320,GL,10-Dec-1964,,,
FED-STD-148/9.1,Determination of Chromic Oxide of Feather Filling Materials,8320,GL,25-Oct-1968,,,
FED-STD-148/10.1,Determination of Turbidity (Turbidimeter Method),8320,GL,14-Sep-1965,,,
FED-STD-148/11,Determination of Odor of Feather Filling Materials,8320,GL,10-Dec-1964,,,
FED-STD-148/12,Determination of Oxygen Number Colorimeter Method,8320,GL,10-Dec-1964,,,
FED-STD-148/13,Launderability of Feather Filling Material,8320,GL,25-Oct-1968,,,
FED-STD-148A/GEN,"Classification, Identification, and Testing of Feather Filli",8320,GL,10-Dec-1964,,,
FED-STD-149A,"Syringe, Luer, Interchangeable Component, Dimensions of",6515,DM,3-Aug-1961,,,
FED-STD-191/1700,Identification of Dyes On Animal Fibers,8300,GL,20-Jul-1978,,,
FED-STD-191/2011,"Dihydroxydichlorodiphenyl Methane Content, Colorimetric Meth",8300,GL,20-Jul-1978,,,
FED-STD-191/2012,"Dihydroxydichlorodiphenyl Methane Content, Parr Chloride Met",8300,GL,20-Jul-1978,,,
FED-STD-191/2013,Fluorine Content of Textile Materials,8300,GL,20-Jul-1978,,,
FED-STD-191/2015.3,"Sodium 5-Chloro-2- 4 Chloro-2 3-(3,4 Dichlorophenyl)- Ureido",8300,GL,28-Dec-1989,,,
FED-STD-791/3432.1,Compatibility of Elastomers With Aircraft Turbine Lubricants,9100,MR,30-Sep-1986,,,
FED-STD-791/3433,Turbine Lubricants With Silicone Rubber,9100,CR,30-Sep-1986,,,
FED-STD-791/3440.1,Storage Solubility Characteristics of Universal Gear Lubrica,9100,MR,30-Sep-1986,,,
FED-STD-791/3450,Turbine Engine Lubricants,9100,MR,30-Sep-1986,,,
FED-STD-791/3451.4,Stability of Lubricating Oils (Work Factor),9100,MR,30-Sep-1986,,,
FED-STD-791/3452.2,Bearing Compatibility of Turbine Oils,9100,MR,30-Sep-1986,,,
FED-STD-791/3455.1,Separation Characteristics of Universal Gear Lubricants,9100,MR,15-Jan-1969,,,
FED-STD-791/3456.2,Channeling Characteristics,9100,MR,30-Sep-1986,,,
FED-STD-791/3457.2,Hydrolytic Stability,9100,MR,30-Sep-1986,,,
FED-STD-791/3458.1,Low Temperature Stability Test for Oil,9100,MR,30-Sep-1986,,,
FED-STD-791/3459.1,Low Temperature Stability,9100,MR,30-Sep-1986,,,
FED-STD-791/3460,High and Low Temperature Stability,9100,MR,15-Jan-1969,,,
FED-STD-791/3462,Cooking Tendency of Oil,9100,MR,15-Jan-1969,,,
FED-STD-791/3463.2,Stability in Hot Water (Water Immersion),9100,MR,30-Sep-1986,,,
FED-STD-791/3465.1,Storage Stability Test,9100,MR,30-Sep-1986,,,
FED-STD-791/3466,Thermal Stability of Low Volatility Gas Turbine Aviation Fue,9100,MR,15-Jan-1969,,,
FED-STD-791/3467.1,Storage Stability of Lubricating Grease,9100,MR,30-Sep-1986,,,
FED-STD-791/3470.1,Homogeneity and Miscibility of Oils,9100,MR,30-Sep-1986,,,
FED-STD-791/3471.2,Shear Stability of Hydraulic Fluids,9100,MR,15-Jan-1969,,,
FED-STD-791/3472,Sonic Shear Stability of Polymer-Containing Oils,9100,MR,30-Sep-1986,,,
FED-STD-791/3480.1,Volatility of Blended Oils,9100,MR,30-Sep-1986,,,
FED-STD-791/3500.1,Monobasic Acid Components of Synthetic Ester Lubricants by G,9100,MR,30-Sep-1986,,,
FED-STD-791/3603.5,Swelling of Synthetic Rubbers,9100,MR,30-Sep-1986,,,
FED-STD-791/3604.2,Swelling of Synthetic Rubber by Aircraft Turbine Lubricants,9100,MR,30-Sep-1986,,,
FED-STD-791/3710.1,Molybdenum Disulfide Purity,9100,MR,30-Sep-1986,,,
FED-STD-791/3720.2,Molybdenum Disulfide Content of Lubricating Grease,9100,MR,30-Sep-1986,,,
FED-STD-191/2016,"Sodium Salt of (4,5-Dichloro, 2-Chloromethane Sulfonamide)",8300,GL,20-Jul-1978,,,
FED-STD-191/2017,"Sodium Salt Content of (4,5-Dichloro, 2-Chloromethane Sulfon",83GP,GL,31-Mar-1987,,,
FED-STD-191/2020,Presence of Labile Sulfur in Textile Materials,8300,GL,20-Jul-1978,,,
FED-STD-191/2050.1,"Copper Content of Textiles, Atomic Absorption Method",8300,GL,31-Mar-1987,,,
FED-STD-191/2051,"Copper Content of Textiles, Polarographic Method",8300,GL,20-Jul-1978,,,
FED-STD-191/2053,Small Amounts of Copper and Manganese in Textiles,8300,GL,20-Jul-1978,,,
FED-STD-191/2060,"Copper-8-Quinolinolate Content of Textiles, Spectrophotometr",8300,GL,20-Jul-1978,,,
FED-STD-191/2100,"Wool Content, Acid Method",8300,GL,20-Jul-1978,,,
FED-STD-191/2101,"Wool Content, Alkali Method",8300,GL,20-Jul-1978,,,
FED-STD-191/2102,"Wood Content, Hypochlorite Method",8300,GL,20-Jul-1978,,,
FED-STD-191/2110,Silk Content of Fiber Mixtures,8300,GL,20-Jul-1978,,,
FED-STD-191/2111,Silk Fiber Content of Silk Textiles (Especially Weighted Sil,8300,GL,20-Jul-1978,,,
FED-STD-191/2510,"Cellulose Acetate Content of Fiber Mixtures, Acetic Acid Met",8300,GL,20-Jul-1978,,,
FED-STD-191/2511,"Cellulose Acetate Content of Fiber Mixtures, Acetone Method",8300,GL,20-Jul-1978,,,
FED-STD-191/2530,Nylon Content of Fiber Mixtures,8300,GL,20-Jul-1978,,,
FED-STD-191/2535,Polyester Content of Fiber Mixtures,8300,GL,20-Jul-1978,,,
FED-STD-191/2600,"Moisture Content, Oven Method",8300,GL,20-Jul-1978,,,
FED-STD-191/2601,"Moisture Content, Oven-Balance Method",8300,GL,20-Jul-1978,,,
FED-STD-191/2610,"Nonfibrous Materials in Cotton, Acid Method",8300,GL,20-Jul-1978,,,
FED-STD-191/2611,"Nonfibrous Materials in Cotton, Enzyme Method",8300,GL,20-Jul-1978,,,
FED-STD-191/2620,Nonfibrous Materials in Linen Textiles,8300,GL,20-Jul-1978,,,
FED-STD-191/2800,"Wool Fiber Damage, Alkali Solubility Method",8300,GL,20-Jul-1978,,,
FED-STD-191/2810,"Acidity (pH) of Textiles, Colorimetric Method",8300,GL,20-Jul-1978,,,
FED-STD-191/2811,"pH of Textiles, Electrometric Method",8300,GL,20-Jul-1978,,,
FED-STD-191/2820,"Chitin Content of Textiles, As A Measure of Fungal Contamina",8300,GL,20-Jul-1978,,,
FED-STD-191/3810,Becker Value of Cordage Fiber,8300,GL,20-Jul-1978,,,
FED-STD-191/4010,Length-Weight Relation; Thread; Yarns Per Pound (M/K9),8300,GL,20-Jul-1978,,,
FED-STD-791/3722.2,Molybdenum Disulfide Content of Nonsoap Thickened Lubricatin,9100,MR,30-Sep-1986,,,
FED-STD-791/3807.1,"Wear Life of Dry, Solid-Film Lubricants",9100,MR,15-Jan-1969,,,
FED-STD-791/3812.1,"Load Carrying Capacity of Dry, Solid Film Lubricants",9100,MR,15-Jan-1969,,,
FED-STD-791/3814.1,"Corrosion by Dry, Solid-Film Lubricants in High Humidity",9100,MR,15-Jan-1969,,,
FED-STD-791/3816.1,Film Thickness of Dry Solid Film Lubricants,9100,MR,30-Sep-1986,,,
FED-STD-791/4001.3,"Corrosion Protection by Coating, Salt, Spray (Fog) Test",9100,MR,30-Sep-1986,,,
FED-STD-791/5003.2,Deposit-Forming Tendencies of Aircraft Turbine Lubricants,9100,MR,30-Sep-1986,,,
FED-STD-791/5050,Reaction Threshold Temperature,9100,MR,8-Mar-1972,,,
FED-STD-791/5101.7,Neutrality (Qualitative),9100,MR,30-Sep-1986,,,
FED-STD-791/5102.1,Acid and Base Number by Extraction (Color Indicator Titratio,9100,MR,30-Sep-1986,,,
FED-STD-791/6511.2,Load-Carrying Capacity of Lubricating Oils At 400 Degrees F,9100,MR,30-Sep-1986,,,
FED-STD-791/6516.2,Oscillation Test of Grease in Helicopter Bearings,9100,MR,30-Sep-1986,,,
FED-STD-791/6517,High-Temperature Gear Load-Carrying Capacity of Lubricating,9100,MR,30-Sep-1986,,,
FED-STD-791/6520.1,Extreme Pressure Properties of Lubricants (Four Ball Tester),9100,MR,30-Sep-1986,,,
FED-STD-791/7001.1,Fluid Resistance of Dry Solid Film Lubricants,9100,MR,15-Jan-1969,,,
FED-STD-791/8002,Sampling (Greases),9100,MR,31-Dec-1960,,,
FED-STD-791/9601.1,Inspection Requirements,9100,MR,30-Sep-1986,,,
FED-STD-791/10000,Material Handling Safety Precautions,9100,MR,30-Sep-1986,,,
FED-STD-793B,Depot Storage Standards,MISC,FSS,22-May-2006,,,
FED-STD-794Y,"Trucks: Medium Commercial 4x2 and 4x4, 9,500 to 16,000 KG (2",2320,FSS,1-Aug-2005,,,
FED-STD-795,Uniform Federal Accessibility Standard,FACR,HP,1-Apr-1988,,,
FED-STD-800,Terms Definitions and Symbols for Security Equipment and Pra,MISC,FSS,5-Jan-1989,,,
FED-STD-H28/1A,"Nomenclature, Definitions, and Letter Symbols for Screw-Thre",THDS,IS,28-Aug-1985,"Notice: 4 29-Aug-2006",,
FED-STD-191/4021,Yarn Number (Linear Density) of Yarn From Package,8300,GL,20-Jul-1978,,,
FED-STD-191/4050,"Direction of Twist, Yarn, Thread, Cordage",8300,GL,20-Jul-1978,,,
FED-STD-191/4052,Twist in Single Yarns,8300,GL,20-Jul-1978,,,
FED-STD-191/4054,Twist and Twist Contraction; Ply Yarns,8300,GL,20-Jul-1978,,,
FED-STD-191/4100,"Strength and Elongation, Breaking; and Tenacity; of Thread",8300,GL,20-Jul-1978,,,
FED-STD-191/4104,"Strength, Breaking of Thread and Yarn; Skein Method",8300,GL,20-Jul-1978,,,
FED-STD-191/4108,"Strength and Elongation, Breaking; Textile Webbing, Tape and",8300,GL,20-Jul-1978,,,
FED-STD-191/4110,Crimp in Yarns From Cloth; Dean-Load Method,8300,GL,20-Jul-1978,,,
FED-STD-191/4112,Crimp in Yards From Cloth; Load Elongation Method,8300,GL,20-Jul-1978,,,
FED-STD-191/4308,"Abrasion Resistance of Yarn, Thread, and Light Cordage; Unif",8300,GL,20-Jul-1978,,,
FED-STD-191/4500,"Water Absorption, Dynamic; Tumble Jar Method",8300,GL,20-Jul-1978,,,
FED-STD-191/4502,"Water Absorption, Thread, Cord, Braid, Tape, Webbing, Immers",8300,GL,20-Jul-1978,,,
FED-STD-191/4504,"Water Resistance, Vertical Rise Wicking, Thread",8300,GL,20-Jul-1978,,,
FED-STD-191/4800,"Weathering Resistance; Yarn, Cordage; Natural Weathering Met",8300,GL,20-Jul-1978,,,
FED-STD-191/4804,"Weathering Resistance; Yarn, Thread, Cordage; Accelerated We",8300,GL,20-Jul-1978,,,
FED-STD-191/4830,Leaching Resistance; Cordage; Standard Method,8300,GL,20-Jul-1978,,,
FED-STD-191/5512,"Water Resistance of Coated Cloth; High Range, Hydrostatic Pr",8300,GL,20-Jul-1978,,,
FED-STD-191/5514,"Water Resistance of Cloth; Low Range, Hydrostatic Pressure",8300,GL,20-Jul-1978,,,
FED-STD-191/5516,"Water Resistance of Cloth; Water Permeability, Hydrostatic",8300,GL,20-Jul-1978,,,
FED-STD-191/5518,Laundering Resistance of Cloth With Water Resistant Finish;,8300,GL,20-Jul-1978,,,
FED-STD-191/5519,"Laundering Test, Accelerated; for Labels",8300,GL,20-Jul-1978,,,
FED-STD-191/5520,Water Resistance of Cloth; Drop Penetration Method,8300,GL,20-Jul-1978,,,
FED-STD-191/5522,Water Resistance of Cloth; Water Impact Penetration Method,8300,GL,20-Jul-1978,,,
FED-STD-191/5524,Water Resistance of Cloth; Rain Penetration Method,8300,GL,20-Jul-1978,,,
FED-STD-191/5526,Water Resistance of Cloth With Hydrophobic Finish; Spray Met,8300,GL,20-Jul-1978,,,
FED-STD-H28/5,"Screw-Threads Standards for Federal Services, Section 5, Uni",THDS,IS,31-Mar-1978,"Notice: 2 29-Aug-2006",,
FED-STD-H28/6A,"Screw-Thread Standards For Federal Services, Section 6 Gages",THDS,IS,5-Mar-1985,"Notice: 4 29-Aug-2006",,
FED-STD-H28/7A,Screw-Thread Standards for Federal Services Section 7 Pipe T,THDS,IS,25-Oct-1984,"Notice: 2 29-Aug-2006",,
FED-STD-H28/8B,Screw-Thread Standards For Federal Servoces Section 8 Drysea,THDS,IS,10-Jun-1992,"Notice: 3 29-Aug-2006",,
FED-STD-H28/9A,Screw-Thread Standards For Federal Services Section 9 Gas Cy,THDS,IS,24-Mar-1989,"Notice: 4 29-Aug-2006",,
FED-STD-H28/11,"Screw Thread Standards For Federal Services, Section 11, Hos",THDS,IS,31-Mar-1978,"Notice: 3 29-Aug-2006",,
FED-STD-H28/12A,Screw-Thread Standards For Federal Services Section 12 Acme,THDS,IS,20-Sep-1989,"Notice: 3 29-Aug-2006",,
FED-STD-H28/13A,"Screw-Thread Standards for Federal Services, Section 13, Stu",THDS,IS,17-Feb-1989,"Notice: 4 29-Aug-2006",,
FED-STD-H28/16,Screw Thread Standards For Federal Services Section 16 Micro,THDS,IS,31-Mar-1978,"Notice: 3 29-Aug-2006",,
FED-STD-H28/17A,"Screw-Thread Standards for Federal Services, Section 17 Sur",THDS,IS,25-Jan-1985,"Notice: 2 29-Aug-2006",,
FED-STD-H28/18B,Screw-Thread Standards For Federal Services Section 18 Photo,THDS,IS,20-Aug-1991,"Notice: 3 29-Aug-2006",,
FED-STD-H28/19A,"Screw Thread Standards For Federal Services, Section 19, Mis",THDS,IS,18-Feb-1988,,,
FED-STD-H28/20B,"Inspection Methods for Acceptability of UN, UNR, UNJ, M, and",THDS,IS,10-Mar-1994,"Notice: 2 29-Aug-2006",,
FED-STD-H28/22A,Screw-Thread Standards for Federal Services Section 22 Gages,THDS,IS,5-Nov-1987,"Notice: 3 29-Aug-2006",,
FED-STD-H28/23,Screw-Thread Standards For Federal Services Section 23 Class,THDS,IS,20-Jan-1989,"Notice: 1 10-Sep-2001",,
FED-STD-H28A/GEN,Federal Screw-Thread Standards for Federal Services,THDS,IS,28-Dec-1994,,,
FED-STD-191/5528,Water Resistance of Coated Cloth; Spray Method,8300,GL,20-Jul-1978,,,
FED-STD-191/5530,Penetration Resistance of Cloth to Passage of Feathers and,8300,GL,20-Jul-1978,,,
FED-STD-191/5550,"Shrinkage in Laundering; Cotton, Linen, and Blended Cotton",8300,GL,20-Jul-1978,,,
FED-STD-191/5552,Shrinkage in Laundering; Cloth Other Than Cotton and Linen,8300,GL,20-Jul-1978,,,
FED-STD-191/5554,Shrinkage in Laundering; Wool Cloth; Accelerated Method,8300,GL,20-Jul-1978,,,
FED-STD-191/5556.1,Mobile Laundry Evaluation for Textile Materials,8300,GL,28-Dec-1989,,,
FED-STD-191/5558,"Shrinkage, Relaxation; Wool Cloth",8300,GL,20-Jul-1978,,,
FED-STD-191/5580,Shrinkage in Dry Cleaning; Cloth,8300,GL,20-Jul-1978,,,
FED-STD-191/5590,Shrinkage in Sponging; Wool Cloth,8300,GL,20-Jul-1978,,,
FED-STD-191/5600,Colorfastness of Textile Materials to Chlorine Bleaching,8300,GL,20-Jul-1978,,,
FED-STD-191/5605,Colorfastness to Combined Laundering and Bleaching of Textil,8300,GL,20-Jul-1978,,,
FED-STD-191/5610.1,Colorfastness to Laundering of Cotton and Linen Textile Mate,8300,GL,21-Jun-1990,,,
FED-STD-191/5612,Colorfastness to Laundering of Cotton and Linen Cloth; Wash,8300,GL,20-Jul-1978,,,
FED-STD-191/5614.1,"Colorfastness to Laundering of Wool, Silk, Rayon and Other",8300,GL,21-Jun-1990,,,
FED-STD-191/5616,"Colorfastness to Laundering to Wool, Silk and Rayon Cloth;",8300,GL,20-Jul-1978,,,
FED-STD-191/5620,Colorfastness to Dry Cleaning of Textile Materials; Petroleu,8300,GL,20-Jul-1978,,,
FED-STD-191/5621,Colorfastness to Wet Cleaning of Textile Materials; Perchlor,8300,GL,20-Jul-1978,,,
FED-STD-191/5622,Colorfastness to Wet Dry Cleaning of Textile Materials; Petr,8300,GL,20-Jul-1978,,,
FED-STD-191/5630,Colorfastness of Textile Materials to Water,8300,GL,20-Jul-1978,,,
FED-STD-191/5632,Colorfastness of Textile Materials to Salt Water and Soap,8300,GL,20-Jul-1978,,,
FED-STD-191/5640,"Colorfastness of Textile Materials to Dry and Wet Heat, Hot",8300,GL,20-Jul-1978,,,
FED-STD-191/5642.1,Colorfastness of Textile Materials to Dry Heat,8300,GL,28-Dec-1989,,,
FED-STD-191/5651.1,Colorfastness of Textile Materials to Crocking,8300,GL,28-Dec-1989,,,
FED-STD-191/5660.1,Colorfastness to Light of Textile Materials; Accelerated Met,8300,GL,28-Dec-1989,,,
FED-STD-191/5662,Colorfastness to Light of Textile Materials; Natural Light M,8300,GL,20-Jul-1978,,,
FED-STD-191/5671.1,Colorfastness of Textile Materials to Weather; Accelerated,8300,GL,28-Dec-1989,,,
FED-STD-191/5672,Colorfastness to Weather of Textile Materials; Natural Weath,8300,GL,20-Jul-1978,,,
FED-STD-191/5675,Colorfastness of Cloth to Oxides of Nitrogen in the Atmosphe,8300,GL,20-Jul-1978,,,
FED-STD-191/5680.1,Colorfastness of Textile Materials to Perspiration; Perspiro,8300,GL,28-Dec-1989,,,
FED-STD-191/5750,Mildew Resistance of Textile Materials; Single Culture Metho,8300,GL,20-Jul-1978,,,
FED-STD-191/5760,Mildew Resistance of Textile Materials; Mixed Culture Method,8300,GL,20-Jul-1978,,,
FED-STD-191/5762,Mildew Resistance of Textile Materials; Soil Burial Method,8300,GL,20-Jul-1978,,,
FED-STD-191/5764,Insect Resistance of Textile Materials,8300,GL,20-Jul-1978,,,
FED-STD-191/5780,Opacity of Textile Materials to Light of Combined Visible an,8300,GL,21-Jun-1990,,,
FED-STD-191/5781,Opacity of Textile Materials to Light of Visible Wavelengths,8300,GL,21-Jun-1990,,,
FED-STD-191/5800,Weathering Resistance of Cloth; Natural Weathering Method,8300,GL,20-Jul-1978,,,
FED-STD-191/5804,Weathering Resistance of Cloth; Accelerated Weathering Metho,8300,GL,20-Jul-1978,,,
FED-STD-191/5830,Leaching Resistance of Cloth; Standard Method,8300,GL,20-Jul-1978,,,
FED-STD-191/5831,Leaching Resistance of Cloth; Minimum Exposure Method,8300,GL,20-Jul-1978,,,
FED-STD-191/5832,Leaching Resistance of Cloth; Prewet Specimen Method,8300,GL,20-Jul-1978,,,
FED-STD-191/5850,Accelerated Aging of Cloth; Oven Method,8300,GL,20-Jul-1978,,,
FED-STD-228/GEN,"Cable and Wire, Insulated; Methods of Testing",6145,CC,14-Apr-1967,,,
FED-STD-228/1011,"Thickness, Insulation; Micrometer Caliper",6145,EL,14-Apr-1967,,,
FED-STD-228/1013,"Thickness, Insulation; Dial Micrometer",6145,EL,14-Apr-1967,,,
FED-STD-228/1014,"Thickness, Insulation, Minimum; Pin-Gage Dial Micrometer",6145,EL,14-Apr-1967,,,
FED-STD-228/1018,"Thickness, Insulation; Optical",6145,EL,14-Apr-1967,,,
FED-STD-228/1051,"Thickness, Varnished Cloth",6145,EL,14-Apr-1967,,,
FED-STD-123H,Marking for Shipment (Civil Agencies),PACK,FSS,8-Aug-2007,"Notice: 1 31-Oct-2007",,
FED-STD-791,"Testing Method of Lubricants, Liquid Fuels, and Related Prod",9100,AT,6-Nov-2007,"Notice: 1 21-Nov-2008",,
FED-STD-228/1111,"Thickness, Braid",6145,EL,14-Apr-1967,,,
FED-STD-228/1121,"Thickness, Cotton Tape; Micrometer Caliper",6145,EL,14-Apr-1967,,,
FED-STD-228/1124,"Thickness, Cotton Tape; Dial Micrometer",6145,EL,14-Apr-1967,,,
FED-STD-228/1141,"Thickness, Wrap",6145,EL,14-Apr-1967,,,
FED-STD-228/1151,"Thickness, Serving; Micrometer Caliper",6145,EL,14-Apr-1967,,,
FED-STD-228/1153,"Thickness, Serving; Diameter Tape",6145,EL,14-Apr-1967,,,
FED-STD-228/1171,"Thickness, Bedding; Micrometer Caliper",6145,EL,14-Apr-1967,,,
FED-STD-228/1173,"Thickness, Bedding; Diameter Tape",6145,EL,14-Apr-1967,,,
FED-STD-228/1211,"Thickness, Metal Tape Armor",6145,EL,14-Apr-1967,,,
FED-STD-228/1221,"Thickness, Woven or Braided Metal Armor; Micrometer Caliper",6145,EL,14-Apr-1967,,,
FED-STD-228/1223,"Thickness, Woven or Braided Metal Armor; Diameter Tape",6145,EL,14-Apr-1967,,,
FED-STD-228/1311,"Thickness, Lead Sheath; Micrometer Caliper (Round Anvil)",6145,EL,14-Apr-1967,,,
FED-STD-228/1313,"Thickness, Lead Sheath; Micrometer Caliper (Flat Anvil)",6145,EL,14-Apr-1967,,,
FED-STD-228/1331,"Thickness, Sheath",6145,EL,14-Apr-1967,,,
FED-STD-228/1411,"Width, Metal Tape Armor",6145,EL,14-Apr-1967,,,
FED-STD-228/1421,"Diameter, Armor Wire",6145,EL,14-Apr-1967,,,
FED-STD-228/1431,"Size, Conductor",6145,EL,14-Apr-1967,,,
FED-STD-228/1441,Circumference,6145,EL,14-Apr-1967,,,
FED-STD-228/1511,"Lay of Twist, Armor Wire",6145,EL,14-Apr-1967,,,
FED-STD-228/1521,"Lay of Twist, Cable",6145,EL,14-Apr-1967,,,
FED-STD-228/1531,"Length of Lay, Wrap or Serving",6145,EL,14-Apr-1967,,,
FED-STD-228/1611,"Angle, Braid",6145,EL,14-Apr-1967,,,
FED-STD-228/1621,"Angle, Wrap",6145,EL,14-Apr-1967,,,
FED-STD-228/1631,"Angle of Braid, Metal Armor",6145,EL,14-Apr-1967,,,
FED-STD-228/1711,"Overlap, Cotton Tape",6145,EL,14-Apr-1967,,,
FED-STD-228/2011,"Flexibility, Insulation, Low Temperature",6145,EL,14-Apr-1967,,,
FED-STD-228/2021,"Flexibility, Armored Cable, Low Temperature",6145,EL,14-Apr-1967,,,
FED-STD-228/2031,"Flexibility, Cotton Covered Electric Cord",6145,EL,14-Apr-1967,,,
FED-STD-228/2041,"Flexibility, Fibrous Coverings",6145,EL,14-Apr-1967,,,
FED-STD-141/6301.3,Wet Adhesion (Tape Test),8010,MR,22-Mar-2001,,,
FED-STD-141/4203.2,Reducibility and Dilution Stability,8010,MR,22-Mar-2001,,,
FED-STD-141/4331.2,Spraying Properties,8010,MR,22-Mar-2001,,,
FED-STD-228/2043,"Flexibility, Fibrous Coverings, Low Temperature",6145,EL,14-Apr-1967,,,
FED-STD-228/2051,"Flexibility, Extensile and Retractile Cord",6145,EL,14-Apr-1967,,,
FED-STD-228/2111,"Elongation, Armor",6145,EL,14-Apr-1967,,,
FED-STD-228/2131,"Toughness, Armor Wire",6145,EL,14-Apr-1967,,,
FED-STD-228/2161,"Springiness, Armor Wire",6145,EL,14-Apr-1967,,,
FED-STD-228/2171,"Tightness, Armor",6145,EL,14-Apr-1967,,,
FED-STD-228/2181,"Opening, Armor",6145,EL,14-Apr-1967,,,
FED-STD-228/2211,Abrasion Resistance,6145,EL,14-Apr-1967,,,
FED-STD-3(1),"Colors, Aeronautical Lighting",7650,AS,21-Mar-1951,,,
FED-STD-807M,"Trucks: Heavy Commercial 6x4 and 6x6, 19,500 to 30,000 KG (4",2330,FSS,1-Aug-2005,,,
FED-STD-833,Buses: Heavy-Duty Intercity Motor Coach,2310,FSS,13-Jul-2005,,,
FED-STD-141D/GEN,"Paint, Varnish, Lacquer, and Related Materials: Methods of",8010,MR,22-Mar-2001,,,
FED-STD-141/1031.1,Contractor Inspection Responsibility,8010,MR,22-Mar-2001,,,
FED-STD-141/2131.2,Application of Sprayed Films,8010,MR,22-Mar-2001,,,
FED-STD-141/3011.3,Condition in Container,8010,MR,22-Mar-2001,,,
FED-STD-311/6518,"Chromic Oxide, Wet Oxidation",8300,GL,15-Jan-1969,,,
FED-STD-311/6521,"Chromic Oxide, Colorimetric Method",8300,GL,15-Jan-1969,,,
FED-STD-311/6531,Iron and Aluminum Oxides,8300,GL,15-Jan-1969,,,
FED-STD-311/6541,Magnesium Sulfate (Epsom Salt),8300,GL,15-Jan-1969,,,
FED-STD-311/6551,"Lead Salts, Presence of",8300,GL,15-Jan-1969,,,
FED-STD-311/6621.1,pH Value of Leather,8300,GL,27-Aug-1971,,,
FED-STD-311/6631,Combined Tannin and Degree of Tannage,8300,GL,15-Jan-1969,,,
FED-STD-311/6711,"Paranitrophenol, Colorimetric Method",8300,GL,15-Jan-1969,,,
FED-STD-311/6811,Gasoline-Water Separation,8300,GL,15-Jan-1969,,,
FED-STD-311/7011.1,Shrinkage Temperature,8300,GL,24-Jan-1975,,,
FED-STD-311/7031,Area Stability of Leather,8300,GL,15-Jan-1969,,,
FED-STD-311/7211,"Cracking, Low Temperature",8300,GL,15-Jan-1969,,,
FED-STD-311/8011.2,"Permeability, Water Vapor",8300,GL,24-Jan-1975,,,
FED-STD-311/8021.1,Dynamic Water Resistance of Leather by the Maeser Water Pene,8300,GL,13-Jul-1972,,,
FED-STD-311/8111.1,"Water Absorption, Static Method",8300,GL,13-Jul-1972,,,
FED-STD-311/8112.1,"Water Absorption, Tumble Method",8300,GL,13-Jul-1972,,,
FED-STD-311/8121,"Water Resistance, With Tap Tester",8300,GL,15-Jan-1969,,,
FED-STD-311/8131.1,Dynamic Water Resistance of Shoe Upper Leather by the Dow Co,8300,GL,13-Jul-1972,,,
FED-STD-311/8151,Dynamic Water Absorption of Leather Surfaces,8300,GL,24-Jan-1975,,,
FED-STD-311/8231,Water Marks On Grain Leather,8300,GL,15-Jan-1969,,,
FED-STD-501/2321,"Size, Bench Micrometer",7220,FSS,15-Jun-1966,,,
FED-STD-141/3022.2,Storage Stability (Filled Container),8010,MR,22-Mar-2001,,,
FED-STD-141/4053.2,Nonvolatile Vehicle Content,8010,MR,22-Mar-2001,,,
FED-STD-141/4061.3,Drying Time,8010,MR,22-Mar-2001,,,
FED-STD-501/2411,"Squareness, Tile, T-Square Method",7220,FSS,15-Jun-1966,,,
FED-STD-501/2421,"Squareness, Tile, Dialing Gage Method",7220,FSS,15-Jun-1966,,,
FED-STD-501/3001,"Rheological Tests, General",7220,FSS,15-Jun-1966,,,
FED-STD-501/3111,"Flexibility, Mandrel Method",7220,FSS,15-Jun-1966,,,
FED-STD-501/3121,"Flexibility, Folding Method",7220,FSS,15-Jun-1966,,,
FED-STD-501/3131,Deflection,7220,FSS,15-Jun-1966,,,
FED-STD-501/3211,"Indentation, Spherical Foot",7220,FSS,15-Jun-1966,,,
FED-STD-501/3221,"Indentation, Flat Foot",7220,FSS,15-Jun-1966,,,
FED-STD-501/3231,"Indentation, Residual",7220,FSS,15-Jun-1966,,,
FED-STD-501/3241,Recovery From Indentation,7220,FSS,15-Jun-1966,,,
FED-STD-501/3311,Impact,7220,FSS,15-Jun-1966,,,
FED-STD-501/3411.1,Curl,7220,FSS,11-Aug-1969,,,
FED-STD-501/3511,Durometer Hardness,7220,FSS,15-Jun-1966,,,
FED-STD-501/3521,Calibration of Durometer,7220,FSS,15-Jun-1966,,,
FED-STD-501/3531,International Hardness of Elastomers,7220,FSS,15-Jun-1966,,,
FED-STD-501/4001,"Tension Tests, General",7220,FSS,15-Jun-1966,,,
FED-STD-501/4111,Tensile Strength,7220,FSS,15-Jun-1966,,,
FED-STD-501/4121,"Elongation, Ultimate",7220,FSS,15-Jun-1966,,,
FED-STD-501/4211,Tensile Stress,7220,FSS,15-Jun-1966,,,
FED-STD-501/4311,Tension Set,7220,FSS,15-Jun-1966,,,
FED-STD-501/5001,"Accelerated Aging Tests, General",7220,FSS,15-Jun-1966,,,
FED-STD-501/5111,Air Heat Test,7220,FSS,15-Jun-1966,,,
FED-STD-501/5211,Oxygen Pressure Test,7220,FSS,15-Jun-1966,,,
FED-STD-501/5411,Resistance to Light,7220,FSS,15-Jun-1966,,,
FED-STD-501/5421,Colorfastness to Light,7220,FSS,15-Jun-1966,,,
FED-STD-501/6001,"Thermal Tests, General",7220,FSS,15-Jun-1966,,,
FED-STD-501/6211,Dimensional Stability,7220,FSS,15-Jun-1966,,,
FED-STD-501/6311,"Indentation, Elevated Temperature",7220,FSS,15-Jun-1966,,,
FED-STD-501/6411,Fire Resistance,7220,FSS,15-Jun-1966,,,
FED-STD-501/6421,Flame Spread Index,7220,FSS,15-Jun-1966,,,
FED-STD-141/4252.1,Color Specification From Photoelectric Tristimulus Data,8010,MR,22-Mar-2001,,,
FED-STD-141/4261.1,Appearance of Transparent Liquids,8010,MR,22-Mar-2001,,,
FED-STD-141/6241.2,Infrared Reflectance From Spectrophotometric Data,8010,MR,22-Mar-2001,,,
FED-STD-141/6242.2,Infrared Reflectance From Reflectometer,8010,MR,22-Mar-2001,,,
FED-STD-141/6304.2,Knife Test (Brittleness),8010,MR,22-Mar-2001,,,
FED-STD-501/6511,"Flexibility, Low Temperature",7220,FSS,15-Jun-1966,,,
FED-STD-501/7001,"Miscellaneous Physical Tests, General",7220,FSS,15-Jun-1966,,,
FED-STD-501/7121,Dynamic Coefficient of Friction,7220,FSS,15-Jun-1966,,,
FED-STD-501/7211,Adhesion to Fabric,7220,FSS,15-Jun-1966,,,
FED-STD-501/7221,Keying Test,7220,FSS,15-Jun-1966,,,
FED-STD-501/7411,Specular Gloss,7220,FSS,15-Jun-1966,,,
FED-STD-501/7421,Finish,7220,FSS,15-Jun-1966,,,
FED-STD-501/7511,Water Absorption,7220,FSS,15-Jun-1966,,,
FED-STD-501/7611,Weight,7220,FSS,15-Jun-1966,,,
FED-STD-501/7711,Scratch Resistance,7220,FSS,15-Jun-1966,,,
FED-STD-501/8001,"Electrical Tests, General",7220,FSS,15-Jun-1966,,,
FED-STD-501/8111,Voltage With Stand,7220,FSS,15-Jun-1966,,,
FED-STD-501/8211,Dielectric Breakdown Voltage,7220,FSS,15-Jun-1966,,,
FED-STD-501/8311,Electrical Conductance,7220,FSS,15-Jun-1966,,,
FED-STD-501/9001,"Chemical Tests, General",7220,FSS,15-Jun-1966,,,
FED-STD-501/9211,Volatile Material,7220,FSS,15-Jun-1966,,,
FED-STD-501/9311,"Resistance to Acids, Alkalies, and Organic Materials",7220,FSS,15-Jun-1966,,,
FED-STD-501/9331,Resistance to Sulfuric Acid (Tensile Strength and Elongation,7220,FSS,15-Jun-1966,,,
FED-STD-501/9341,Resistance to Detergents,7220,FSS,15-Jun-1966,,,
FED-STD-791/335.3,Gear Wear,9110,MR,30-Sep-1986,,,
FED-STD-791/339.6,Performance of Diesel Engine Lubricating Oils Under Severe,9110,MR,30-Sep-1986,,,
FED-STD-791/340.3,Performance of Engine Lubricating Oils Under Medium Speed Su,9100,MR,15-Jan-1969,,,
FED-STD-791/341,Performance of Engine Lubricating Oils Under High Speed Supe,9100,MR,30-Sep-1986,,,
FED-STD-791/342.3,Performance of Diesel Engine Lubricating Oils: High Corrosiv,9100,MR,15-Jan-1969,,,
FED-STD-791/344,"Demerit System for Rating Deposits, Wear, and Corrosion in",9100,MR,30-Sep-1986,,,
FED-STD-791/346,Performance of Engine Lubricating Oils Under High Temperatur,9100,MR,30-Sep-1986,,,
FED-STD-595,COLORS USED IN GOVERNMENT PROCUREMENT,8010,FAS,16-Jan-2008,,,
FED-STD-791/347.3,Performance of Aviation Piston Engine Oils in Clear Engine,9100,MR,30-Sep-1986,,,
FED-STD-791/348,Performance of Crankcase Lubricating Oils in Clear Engine (L,9100,MR,30-Sep-1986,,,
FED-STD-791/350.2,Evaporation Loss of Lubricating Greases and Oils (High Tempe,9100,MR,30-Sep-1986,,,
FED-STD-791/352.1,Effect of Evaporation On Flammability,9100,MR,30-Sep-1986,,,
FED-STD-791/353.1,Evaporation,9100,MR,30-Sep-1986,,,
FED-STD-791/354.1,Performance of Arctic Lubricating Oils in A Two Cycle Diesel,9100,MR,30-Sep-1986,,,
FED-STD-791/355,Performance of Engine Lubricating Oils in A Two-Cycle Diesel,9100,MR,30-Sep-1986,,,
FED-STD-791/361.4,Stroking Properties of Hydraulic Brake Fluids,9100,MR,30-Sep-1986,,,
FED-STD-791/402.2,Density of Hydrocarbon Liquids (Pycnometer),9100,MR,15-Jan-1969,,,
FED-STD-791/500.1,Induction System Deposit (ISD) Tendencies of Motor Gasoline,9100,MR,30-Sep-1986,,,
FED-STD-791/550.1,Emulsification Tendencies of Petroleum Fuels by Multiple Con,9100,MR,30-Sep-1986,,,
FED-STD-791/600,Ditertiary Butyl Disulfide in Reference Diesel Fuels,9100,MR,8-Mar-1972,,,
FED-STD-791/700,Effects of Engine Lubricating Oil On Non Metallic Automotive,9100,MR,8-Mar-1972,,,
FED-STD-791C/GEN,"Lubricants, Liquid Fuels, and Related Products; Methods of",9100,AT,30-Sep-1986,,,
FED-STD-791/1011,Vapor Liquid Ratio of Gasoline (Alternate Method),9100,MR,15-Jan-1969,,,
FED-STD-791/1110.2,Quenching Speed,9100,MR,30-Sep-1986,,,
FED-STD-791/1151.2,Explosive Vapors in Boiler Fuel Oil,9100,MR,30-Sep-1986,,,
FED-STD-791/1303.2,Flock Point (Refrigerant Compressor Oil),9100,MR,30-Sep-1986,,,
FED-STD-791/2001.2,Wick Feed Characteristics of Oil (Wick Feed Oilers),9100,MR,15-Jan-1969,,,
FED-STD-791/2503.2,Thermal Stability of Grease,9100,MR,15-Jan-1969,,,
FED-STD-791/2504,Thermal Oxidation Stability of Gear Lubricants,9100,MR,15-Jan-1969,,,
FED-STD-791/2508.1,Thermal Stability of Lubricating and Hydraulic Fluids,9100,MR,30-Sep-1986,,,
FED-STD-791/3005.4,Dirt Content of Grease,9100,MR,30-Sep-1986,,,
FED-STD-791/3006.3,Contamination in Engine Oil,9100,MR,30-Sep-1986,,,
FED-STD-791/3007.2,Water Displacement and Water Stability,9100,MR,30-Sep-1986,,,
FED-STD-H28/4,"Screw Thread Standards For Federal Services, Section 4, Cont",THDS,IS,31-Mar-1978,"Notice: 2 29-Aug-2006",,
FED-STD-H28/10A,Scew-Thread Standards For Federal Services Section 10 Hose C,THDS,IS,21-Jun-1993,"Notice: 4 29-Aug-2006",,
FED-STD-00160,"Rubber Products, Definitions and Terms for Visible Defects o",MISC,FSS,5-Jan-1962,,,
FED-STD-162A,"Hose, Rubber, Visual Inspection Guide for",4720,SH,9-May-1967,,,
FED-STD-791/3009.3,Solid Particle Contamination in Hydraulic Fluids,9100,MR,30-Sep-1986,,,
FED-STD-791/3010.1,Solid Particle Contamination in Aircraft Turbine Engine Lubr,9100,MR,30-Sep-1986,,,
FED-STD-791/3011.1,Particulate Contamination in Aerospace Hydraulic Fluids Usin,9100,MR,30-Sep-1986,,,
FED-STD-791/3012,Determination of Particulate Matter in Aerospace Hydraulic,9100,MR,30-Sep-1986,,,
FED-STD-791/3013,Determination of Particulate Contamination in Synthetic Turb,9100,MR,30-Sep-1986,,,
FED-STD-791/3020.1,"Copper and Iron in Oil, Sludge, and Water, After ASTM D 943",9100,MR,15-Jan-1969,,,
FED-STD-791/3110.1,Fatty Oil in Cutting Fluids by Infrared Spectrophotometry,9100,MR,30-Sep-1986,,,
FED-STD-791/3180.2,Sulfur in Cutting Fluids (Active and Total),9110,MR,30-Sep-1986,,,
FED-STD-791/3201.7,Emulsion (Petroleum and Petroleum-Like Products),9100,MR,30-Sep-1986,,,
FED-STD-791/3205.3,Emulsion (Soluble Cutting Oils),9100,MR,30-Sep-1986,,,
FED-STD-791/3206.4,Steam Emulsion (Uninhibited Oils),9100,MR,15-Jan-1969,,,
FED-STD-791/3213.1,Foaming Characteristics of Aircraft Turbine Lubricating Oils,9100,MR,30-Sep-1986,,,
FED-STD-791/3214.1,Foaming Characteristics of Aircraft Turbine Lubricating Oils,9100,MR,30-Sep-1986,,,
FED-STD-791/5103.1,Neutralization Number,9100,MR,31-Dec-1963,,,
FED-STD-791/5104,Neutralization Number of Used or Compounded Oils,9100,MR,31-Dec-1963,,,
FED-STD-791/5108.1,Hydrobromic Acid Neutralization,9100,MR,15-Jan-1969,,,
FED-STD-791/5210,Sulfur by the Lamp Method (Volumetric Finish),9100,MR,15-Jan-1969,,,
FED-STD-791/5302,Corrosive Sulfur Compounds and Free Sulfur,9100,MR,31-Dec-1955,,,
FED-STD-791/5303,"Corrosion (Copper Strip, 212 F.)",9100,MR,31-Dec-1955,,,
FED-STD-791/5304.5,Corrosiveness of Greases or Semi-Solid Products At 77 Degree,9100,MR,30-Sep-1986,,,
FED-STD-791/5305.1,Corrosiveness of Lubricants At 450 Degrees F,9100,MR,30-Sep-1986,,,
FED-STD-791/5306.5,Corrosiveness of Emulsifiable Cutting Fluids,9100,MR,30-Sep-1986,,,
FED-STD-791/5307.2,Corrosiveness and Oxidation Stability of Aircraft Turbine En,9100,MR,30-Sep-1986,,,
FED-STD-791/5308.7,Corrosiveness and Oxidation Stability of Light Oils (Metal,9100,MR,30-Sep-1986,,,
FED-STD-791/5309.5,"Corrosiveness of Greases (Copper Strip, 212 Degrees F)",9100,MR,30-Sep-1986,,,
FED-STD-791/5311,Corrosion Inhibiting Properties of Nonaqueous Liquids (Stati,9100,MR,15-Jan-1969,,,
FED-STD-H28/14A,Screw-Thread Standards For Federal Services Section 14 Buttr,THDS,IS,9-Jun-1983,"Notice: 2 29-Aug-2006",,
FED-STD-H28/15B,Screw-Thread Standards For Federal Services Section 15 Rolle,THDS,IS,10-Mar-1994,"Notice: 4 29-Aug-2006",,
FED-STD-H28/21B,Screw-Thread Standards For Federal Services Section 21 Metri,THDS,IS,28-Nov-1984,"Notice: 1 23-Aug-2001",,
FED-STD-H28/2B,Screw-Thread Standards For Federal Services Section 2 Unifie,THDS,IS,20-Aug-1991,"Notice: 2 9-Feb-2007",,
FED-STD-187B,"Identification of Pressed Bends, Forms, Seams, and Joints,(",MISC,FSS,3-Jun-1963,,,
FED-STD-191A/GEN,"Textile Test Methods, Notice 7 - Inactiviation",83GP,CT,20-Jul-1978,,,
FED-STD-191/1100,"Identification of Wool, Mohair, Alpaca, and Silk",8300,GL,20-Jul-1978,,,
FED-STD-191/1200,"Identification of Cotton, Flax, Hemp, Ramie, and Jute",8300,GL,20-Jul-1978,,,
FED-STD-191/1240,"Identification of Manila (Abaca'), Sisal and Coir",8300,GL,20-Jul-1978,,,
FED-STD-191/1400,Identification of Asbestos,8300,GL,20-Jul-1978,,,
FED-STD-191/1410,Identification of Glass,8300,GL,20-Jul-1978,,,
FED-STD-191/1500,"Identification of Rayon, Viscose",8300,GL,20-Jul-1978,,,
FED-STD-191/1510,"Identification of Rayon, Acetate",8300,GL,20-Jul-1978,,,
FED-STD-191/1520,"Identification of Rayon, Cuprammonium",8300,GL,20-Jul-1978,,,
FED-STD-191/1530,Identification of Nylon,8300,GL,20-Jul-1978,,,
FED-STD-191/1534,Melting Point of Synthetic Fibers,8300,GL,20-Jul-1978,,,
FED-STD-191/1540,Identification of Vinylidene Chloride Fibers,8300,GL,20-Jul-1978,,,
FED-STD-191/1550,Identification of Vinyl Chloride-Acetate Copolymer Fibers,8300,GL,20-Jul-1978,,,
FED-STD-191/1600,Identification of Synthetic Fibers by Generic Class,8300,GL,20-Jul-1978,,,
FED-STD-191/4832,Leaching Resistance; Cordage; Prewet Specimen Method,8300,GL,20-Jul-1978,,,
FED-STD-191/5010,Length of Textile Materials; Determination of,8300,GL,20-Jul-1978,,,
FED-STD-791/5312.2,Corrosion Inhibiting Properties of Nonaqueous Substances (Fo,9100,MR,15-Jan-1969,,,
FED-STD-791/5315.1,Corrosion Protection by Universal Gear Lubricants in the Pre,9100,MR,15-Jan-1969,,,
FED-STD-791/5316,Chemical Activity Toward Copper of Universal Gear Lubricants,9100,MR,31-Dec-1955,,,
FED-STD-791/5317.1,Performance of Gear Lubricants in Axles At 40W Speed and Hig,9100,MR,15-Jan-1969,,,
FED-STD-791/5319,Humidity Corrosion Test of Grease,9100,MR,31-Dec-1963,,,
FED-STD-791/5321.2,Corrosion of Lead by Lubricating Oils,9100,MR,30-Sep-1986,,,
FED-STD-791/5322.2,Corrosiveness of Oil On A Bimetallic Couple,9100,MR,30-Sep-1986,,,
FED-STD-791/5323.2,Corrosion Protection by Aircraft Lubricants,9100,MR,15-Jan-1969,,,
FED-STD-791/5324,Corrosion by High-Sulfur Oils (Copper Stain),9100,MR,15-Jan-1969,,,
FED-STD-791/5326.1,Corrosion Protection by Gear Lubricants in the Presence of,9100,MR,15-Jan-1969,,,
FED-STD-791/5327.4,Fuel System Icing Inhibitor in Hydrocarbon Fuels (Iodometric,9100,MR,30-Sep-1986,,,
FED-STD-791/5329.2,Corrosion Protection (Humidity Cabinet),9100,MR,30-Sep-1986,,,
FED-STD-791/5330.2,Fuel System Icing Inhibitor in Hydrocarbon Fuel (Colorimetri,9100,MR,30-Sep-1986,,,
FED-STD-791/5331.1,Corrosion Protection of Steel Against Sulfurous Acid-Salt Sp,9100,MR,30-Sep-1986,,,
FED-STD-791/5340.2,Fuel System Icing Inhibitor in Hydrocarbon Fuels (Refractome,9100,MR,30-Sep-1986,,,
FED-STD-791/5341,Fuel System Icing Inhibitor in Hydrocarbon Fuels (Redox Meth,9100,MR,30-Sep-1986,,,
FED-STD-791/5342,Fuel System Icing Inhibitor in Hydrocarbon Fuels (Hand Refra,9100,MR,30-Sep-1986,,,
FED-STD-791/5350.1,Silting Index of Hydrocarbon Fuels,9100,MR,30-Sep-1986,,,
FED-STD-791/5410,Resistance of Lubricating Grease to De-Icing Fluid,9100,MR,15-Jan-1969,,,
FED-STD-791/5413,Cycling Performance of Grease,9100,MR,15-Jan-1969,,,
FED-STD-791/5414.4,Resistance of Grease to Fuel,9100,MR,30-Sep-1986,,,
FED-STD-791/5415.1,Resistance of Grease to Water and A 111 Water-Ethanol Soluti,9100,MR,30-Sep-1986,,,
FED-STD-791/5505,Elemental Lead in Hydrocarbon Fuels (Rapid Method),9100,MR,15-Jan-1969,,,
FED-STD-791/5800,Effect of Oil Vapor On Indicating Type Desiccant,9100,MR,15-Jan-1969,,,
FED-STD-791/6050.1,Nitrate-Type Ignition Improvers in Diesel Fuel,9100,MR,30-Sep-1986,,,
FED-STD-191/5020,Width of Textile Materials; Determination of,8300,GL,20-Jul-1978,,,
FED-STD-191/5030,Thickness of Textile Materials; Determination of,8300,GL,20-Jul-1978,,,
FED-STD-191/5040,"Weight of Cloth; Cut, Roll, or Bolt Method; Determination of",8300,GL,20-Jul-1978,,,
FED-STD-191/5041,"Weight of Textile Materials, Small Specimen Method; Determin",8300,GL,20-Jul-1978,,,
FED-STD-191/5050,Yarns Per Unit Length (Inch or Centimeter) in Woven Cloth,8300,GL,20-Jul-1978,,,
FED-STD-191/5052,Stitches Per Unit Length in Seams and Stitchings; Determinat,8300,GL,20-Jul-1978,,,
FED-STD-191/5060,Bow of Yarns in Woven Cloth,8300,GL,20-Jul-1978,,,
FED-STD-191/5070,Wales and Courses in Knit Cloth,8300,GL,20-Jul-1978,,,
FED-STD-191/5100.1,"Strength and Elongation, Breaking of Woven Cloth; Grab Metho",8300,GL,28-Dec-1989,,,
FED-STD-191/5102,"Strength and Elongation, Breaking of Woven Cloth; Cut Strip",8300,GL,20-Jul-1978,,,
FED-STD-191/5104,"Strength and Elongation, Breaking of Woven Cloth; Ravel Stri",8300,GL,20-Jul-1978,,,
FED-STD-191/5106,Tension of Elastic Textile Materials,8300,GL,20-Jul-1978,,,
FED-STD-191/5110,Sewability of Woven Cloth; Seam Efficiency Method,8300,GL,20-Jul-1978,,,
FED-STD-191/5120,Strength of Cloth; Ball Bursting Method,8300,GL,20-Jul-1978,,,
FED-STD-191/5122,Strength of Cloth; Diaphragm Bursting Method,8300,GL,20-Jul-1978,,,
FED-STD-191/5200,"Stiffness of Cloth, Directional; Hanging Heart Loop Method",8300,GL,20-Jul-1978,,,
FED-STD-191/5202,"Stiffness of Cloth, Directional; Cantilever Bending Method",8300,GL,20-Jul-1978,,,
FED-STD-191/5204,"Stiffness of Cloth, Directional; Self-Weighted Cantilever Me",8300,GL,20-Jul-1978,,,
FED-STD-191/5206,"Stiffness of Cloth, Drape and Flex; Cantilever Bending Metho",8300,GL,20-Jul-1978,,,
FED-STD-191/5210,Crease Resistance of Cloth; Cold Press Recovery Method,8300,GL,20-Jul-1978,,,
FED-STD-191/5212,"Crease Resistance of Cloth, Angle of Recovery Method",8300,GL,20-Jul-1978,,,
FED-STD-191/5214,Wrinkle Recovery of Fabrics; Appearance Method,8300,GL,20-Jul-1978,,,
FED-STD-191/5216,"Durable Press On Fabrics, Shirts, and Trousers; Evaluation",8300,GL,20-Jul-1978,,,
FED-STD-191/5220,Flexibility of Cloth After Leaching,8300,GL,20-Jul-1978,,,
FED-STD-191/5230,Flexing Resistance of Coated Cloth,8300,GL,20-Jul-1978,,,
FED-STD-191/5300,"Abrasion Resistance of Cloth; Flexing, Folding Bar (Stoll)",8300,GL,20-Jul-1978,,,
FED-STD-791/6052.1,High Temperature-High Pressure Spray Ignition,9100,MR,30-Sep-1986,,,
FED-STD-791/6053.1,Manifold Ignition Test,9100,MR,30-Sep-1986,,,
FED-STD-791/6503.2,Load-Carrying Capacity (Mean Hertz Load),9100,MR,15-Jan-1969,,,
FED-STD-791/6505.2,Load-Carrying Capacity of Universal Gear Lubricants by the,9100,MR,30-Sep-1986,,,
FED-STD-791/6506.1,"Performance of Gear Lubricants in Axles At High Speed, Low",9100,MR,15-Jan-1969,,,
FED-STD-791/6507.1,Performance of Gear Lubricants in Axles Under High Speed and,9100,MR,15-Jan-1969,,,
FED-STD-791/6508.2,Load Carrying Capacity of Lubricating Oils (Ryder Gear Machi,9100,MR,30-Sep-1986,,,
FED-STD-791/6509.2,Gear Fatigue Characteristics of Aircraft Gasturbine Lubrican,9100,MR,30-Sep-1986,,,
FED-STD-191/5302,Abrasion Resistance of Cloth; Inflated Diaphragm (Stoll) Met,8300,GL,20-Jul-1978,,,
FED-STD-191/5303,Color Change of Cloth Due to Flat Abrasion (Frosting); Wire,8300,GL,20-Jul-1978,,,
FED-STD-191/5304,Abrasion Resistance of Cloth; Oscillatory Method (Wyzenbeek),8300,GL,20-Jul-1978,,,
FED-STD-191/5306,"Abrasion Resistance of Cloth; Rotary Platform, Double Head (",8300,GL,20-Jul-1978,,,
FED-STD-191/5308,Abrasion Resistance of Cloth; Uniform Abrasion (Schiefer) Me,8300,GL,20-Jul-1978,,,
FED-STD-191/5309.1,Abrasion Resistance of Textile Webbing,8300,GL,28-Dec-1989,,,
FED-STD-191/5310,Appearance-Retention of Cloth; Pilling and Surface Wear,8300,GL,20-Jul-1978,,,
FED-STD-191/5320,Pilling Resistance of Textile Fabrics; Brush and Sponge Meth,8300,GL,20-Jul-1978,,,
FED-STD-191/5400,Sewability of Woven Cloth; Yarn Severance Method,8300,GL,20-Jul-1978,,,
FED-STD-191/5404,Sewability of Cloths Containing Thermoplastic Synthetic Fibe,8300,GL,20-Jul-1978,,,
FED-STD-191/5410,Slippage Resistance of Yarns in Cloth; Yarn Distortion Metho,8300,GL,20-Jul-1978,,,
FED-STD-191/5450,Permeability to Air; Cloth; Calibrated Orifice Method,8300,GL,20-Jul-1978,,,
FED-STD-191/5452,Permeability to Air; Cloth; Falling Cylinder Method,8300,GL,20-Jul-1978,,,
FED-STD-191/5500.1,Water Resistance of Cloth; Dynamic Absorption Method,8300,GL,28-Dec-1989,,,
FED-STD-191/5502.1,Water Resistance of Cloth; Immersion Absorption Method,8300,GL,28-Dec-1989,,,
FED-STD-191/5504,Water Resistance of Coated Cloth; Spray Absorption Method,8300,GL,20-Jul-1978,,,
FED-STD-191/5506,"Dry Cleaning Test, Accelerated; for Labels",8300,GL,20-Jul-1978,,,
FED-STD-191/5508,Dry Cleaning Solvent Resistance of Cloth With Water Resistan,8300,GL,20-Jul-1978,,,
FED-STD-191/5509,Dry Cleaning Solvent Resistance of Cloth With Water-Resistan,8300,GL,20-Jul-1978,,,
FED-STD-191/5510,Dry Cleaning Resistance of Cloth With Water-Resistant Finish,8300,GL,20-Jul-1978,,,
FED-STD-191/5851,Accelerated Aging of Cloth; Closed Container Method,8300,GL,20-Jul-1978,,,
FED-STD-191/5852,Accelerated Aging of Cloth; Oxygen Method,8300,GL,20-Jul-1978,,,
FED-STD-191/5870,"Temperature, High; Effect On Cloth Flexibility",8300,GL,20-Jul-1978,,,
FED-STD-191/5872,"Temperature, High; Effect On Cloth Blocking",8300,GL,20-Jul-1978,,,
FED-STD-191/5874,"Temperature, Low; Effect On Coated Cloth",8300,GL,20-Jul-1978,,,
FED-STD-191/5900,Flame Resistance of Cloth; Horizontal,8300,GL,20-Jul-1978,,,
FED-STD-191/5903.1,Flame Resistance of Cloth; Vertical,8300,GL,28-Dec-1989,,,
FED-STD-191/5904,"Flame Resistance of Cloth; Vertical, Field",8300,GL,20-Jul-1978,,,
FED-STD-191/5905.1,Flame Resistance of Material; High Heat Flux Flame Contact,8300,GL,31-Mar-1987,,,
FED-STD-191/5906,"Flammability, Burning Rate of Cloth; Horizontal",8300,GL,20-Jul-1978,,,
FED-STD-191/5907,Flammability Test for Sleeping Bag Cloths; Tablet Method,8300,GL,20-Jul-1978,,,
FED-STD-191/5908,"Flammability, Burning Rate of Cloth; 45 Degree Angle",8300,GL,20-Jul-1978,,,
FED-STD-191/5920,Heating (Spontaneous) of Cloth,8300,GL,20-Jul-1978,,,
FED-STD-191/5930,Electrical Resistivity of Fabrics; Determination of,8300,GL,20-Jul-1978,,,
FED-STD-191/5931,Electrostatic Decay of Fabrics; Determination of,8300,GL,21-Jun-1990,,,
FED-STD-191/5950,Adhesion of Plied (Double Texture) Fabric,8300,GL,20-Jul-1978,,,
FED-STD-191/5951,Bond Strength of Bonded and Laminated Apparel Cloths,8300,GL,20-Jul-1978,,,
FED-STD-191/5960,Adhesion of Cemented Seams,8300,GL,20-Jul-1978,,,
FED-STD-191/5962,Adhesion of Strapped Seams,8300,GL,20-Jul-1978,,,
FED-STD-191/5964,Adhesion of Wet Seams,8300,GL,20-Jul-1978,,,
FED-STD-191/5970,Adhesion of Coating; Adhesive Method,8300,GL,20-Jul-1978,,,
FED-STD-191/5972,Strength of Coating; Water Resistance Method,8300,GL,20-Jul-1978,,,
FED-STD-191/6000,Length of Ten Turns; Cordage,8300,GL,20-Jul-1978,,,
FED-STD-191/6001,Picks Per Inch (Picks/Cm); Braided Cordage,8300,GL,20-Jul-1978,,,
FED-STD-191/6002,Diameter of Cordage,8300,GL,20-Jul-1978,,,
FED-STD-191/6003,Circumference of Cordage,8300,GL,20-Jul-1978,,,
FED-STD-191/6004,Length Per Unit Weight; Cordage,8300,GL,20-Jul-1978,,,
FED-STD-191/6010,"Shrinkage of Cordage, Boiling Water Method; Determination of",8300,GL,20-Jul-1978,,,
FED-STD-191/6011,Water Absorption; Cordage,8300,GL,20-Jul-1978,,,
FED-STD-191/6015.1,"Strength and Elongation, Breaking of Cordage; Spliced Specim",8300,GL,28-Dec-1989,,,
FED-STD-191/6016,"Strength and Elongation, Breaking of Cordage; Non-Spliced Sp",8300,GL,20-Jul-1978,,,
FED-STD-191/6020,Hardness; Cordage,8300,GL,20-Jul-1978,,,
FED-STD-191/7102,Gripping Strength of Shoe Lace Tips,8300,GL,20-Jul-1978,,,
FED-STD-191/7308,"Abrasion Resistance; Socks, Hosiery, and Knitted Cloth; Unif",8300,GL,20-Jul-1978,,,
FED-STD-191/7540,Stretched Width of Knit Items,8300,GL,20-Jul-1978,,,
FED-STD-191/7550,Shrinkage in Laundering of Cotton and Linen Garments and Rea,8300,GL,20-Jul-1978,,,
FED-STD-191/7552,Shrinkage in Laundering of Garments and Ready-Made Articles,8300,GL,20-Jul-1978,,,
FED-STD-191/7554,Shrinkage in Laundering of Wool Garments and Ready-Made Arti,8300,GL,20-Jul-1978,,,
FED-STD-191/7556,Shrinkage in Laundering of Garments and Ready-Made Articles;,8300,GL,20-Jul-1978,,,
FED-STD-191/7558,Shrinkage Relaxation; Wool Garments and Ready-Made Articles,8300,GL,20-Jul-1978,,,
FED-STD-191/7560.1,Shrinkage in Laundering of Shrink-Resistant Wool Socks,8300,GL,28-Dec-1989,,,
FED-STD-191/7561,Shrinkage in Laundering of Shrink-Resistant Treated Wool Soc,8300,GL,20-Jul-1978,,,
FED-STD-191/7580,Shrinkage in Dry Cleaning; Garments and Ready-Made Articles,8300,GL,20-Jul-1978,,,
FED-STD-191/7590,Shrinkage in Sponging; Garments and Ready-Made Articles,8300,GL,20-Jul-1978,,,
FED-STD-191/9010.1,Shade Matching of Textile Materials; Visual Method,8300,GL,21-Jun-1990,,,
FED-STD-4B(2),Glossary of Fabric Imperfections,8305,GL,29-Jul-1964,"Notice: 1 1-Oct-1987","Amendment: 2 12-Sep-1975","Int Amendment: 0 --"
FED-STD-228/3001,"Tension Tests, Insulation and Sheath; General",6145,EL,14-Apr-1967,,,
FED-STD-228/3011,"Buffing, Insulation and Sheath",6145,EL,14-Apr-1967,,,
FED-STD-228/3016,"Calibration, Tension Testing Machine",6145,EL,14-Apr-1967,,,
FED-STD-228/3021,"Tensile Strength, Insulation and Sheath",6145,EL,14-Apr-1967,,,
FED-STD-228/3031,"Elongation, Insulation and Sheath",6145,EL,14-Apr-1967,,,
FED-STD-228/3041,"Tensile Stress, Insulation and Sheath",6145,EL,14-Apr-1967,,,
FED-STD-228/3111,"Tearing Strength, Sheath",6145,EL,14-Apr-1967,,,
FED-STD-228/3161,"Tension Set, Insulation and Sheath",6145,EL,14-Apr-1967,,,
FED-STD-228/3171,"Tensile Strength, Varnished Cloth Insulation",6145,EL,14-Apr-1967,,,
FED-STD-228/3211,"Tensile Strength and Elongation, Soft or Annealed Conductors",6145,EL,14-Apr-1967,,,
FED-STD-228/3212,"Tensile Strength and Elongation, Medium Hard-Drawn or Hard-D",6145,EL,14-Apr-1967,,,
FED-STD-228/4001,"Resistance to Heat, Oxygen, Air, Light, and Ozone; General",6145,EL,14-Apr-1967,,,
FED-STD-228/4011,"Oxygen Pressure Test, Insulation and Sheath",6145,EL,14-Apr-1967,,,
FED-STD-228/4021,"Air Pressure Test, Insulation and Sheath",6145,EL,14-Apr-1967,,,
FED-STD-228/4031,"Air Oven Test, Insulation and Sheath",6145,EL,14-Apr-1967,,,
FED-STD-228/4041,"Test Tube Heat-Aging, Insulation and Sheath",6145,EL,14-Apr-1967,,,
FED-STD-228/4111,"Resistance to Ozone, Insulation and Sheath",6145,EL,14-Apr-1967,,,
FED-STD-228/4131,"Resistance to Light, Insulation and Sheath",6145,EL,14-Apr-1967,,,
FED-STD-228/4211,"Resistance to Petrolatum, Varnished Cloth",6145,EL,14-Apr-1967,,,
FED-STD-228/4221,"Resistance to Oil, Insulation and Sheath",6145,EL,14-Apr-1967,,,
FED-STD-228/4223,"Resistance of Oil, Insulation and Sheath (Recovery Method",6145,EL,14-Apr-1967,,,
FED-STD-228/5011,"Heat Shock, Insulation",6145,EL,14-Apr-1967,,,
FED-STD-228/5021,"Heat Distortion, Insulation",6145,EL,14-Apr-1967,,,
FED-STD-228/5111,"Melt, Fibrous Covering",6145,EL,14-Apr-1967,,,
FED-STD-228/5131,"Drip, Fibrous Covering",6145,EL,14-Apr-1967,,,
FED-STD-228/5141,"Drip, Cable",6145,EL,14-Apr-1967,,,
FED-STD-228/5211,"Flammability, Horizontal",6145,EL,14-Apr-1967,,,
FED-STD-228/5221,"Flammability, Vertical",6145,EL,14-Apr-1967,,,
FED-STD-228/5231,"Flammability, Spark Method",6145,EL,14-Apr-1967,,,
FED-STD-228/6011,"Resistance, Electrical, Steel Armor",6145,EL,14-Apr-1967,,,
FED-STD-228/6021,"Resistance, Electrical, Conductor",6145,EL,14-Apr-1967,,,
FED-STD-228/6031,"Resistance, Electrical, Insulation",6145,EL,14-Apr-1967,,,
FED-STD-228/6041,"Surface Resistance, Finished Wire and Cable",6145,EL,14-Apr-1967,,,
FED-STD-228/6111,"Voltage With Stand, Insulated Wire Cable",6145,EL,14-Apr-1967,,,
FED-STD-228/6121,"Voltage With Stand, Insulation, Flexing",6145,EL,14-Apr-1967,,,
FED-STD-228/6131,"Voltage With Stand, Insulation, Flexing, Low Temperature",6145,EL,14-Apr-1967,,,
FED-STD-228/6211,"Insulation Defects, Spark Test",6145,EL,14-Apr-1967,,,
FED-STD-228/6221,"Dielectric Strength, Cloth and Tape",6145,EL,14-Apr-1967,,,
FED-STD-228/6271,Capacitance Change With Time in Water,6145,EL,14-Apr-1967,,,
FED-STD-228/7001,Chemical Tests; General,6145,EL,14-Apr-1967,,,
FED-STD-228/7011,Resistance to Acid and Alkali,6145,EL,14-Apr-1967,,,
FED-STD-228/7111,"Zinc Coating, Steel Armor",6145,EL,14-Apr-1967,,,
FED-STD-228/7121,"Conductor Coating, Sodium Polysulfide",6145,EL,14-Apr-1967,,,
FED-STD-228/7123,"Conductor Coating, Ammonium Persulfate",6145,EL,14-Apr-1967,,,
FED-STD-228/7211,"Mineral Content, Coverings",6145,EL,14-Apr-1967,,,
FED-STD-228/7231,"Lead Sheath, Composition",6145,EL,14-Apr-1967,,,
FED-STD-228/7251,"Identification, Synthetic Elastomers, Insulation and Sheath",6145,EL,14-Apr-1967,,,
FED-STD-228/8011,"Picks Per Inch, Braid",6145,EL,14-Apr-1967,,,
FED-STD-228/8021,"Carriers, Ends Per Carrier, and Ply of Yarns; Braid",6145,EL,14-Apr-1967,,,
FED-STD-228/8031,"Yarns Per Inch, Fibrous Covering",6145,EL,14-Apr-1967,,,
FED-STD-228/8033,"Yarns Per Inch, Varnished Cloth",6145,EL,14-Apr-1967,,,
FED-STD-228/8041,"Yarn Size, Wrap and Serving",6145,EL,14-Apr-1967,,,
FED-STD-228/8111,Direction of Lay,6145,EL,14-Apr-1967,,,
FED-STD-228/8121,"Coverage, Braid, Metal Armor",6145,EL,14-Apr-1967,,,
FED-STD-228/8131,"Coverage, Wrap or Serving",6145,EL,14-Apr-1967,,,
FED-STD-228/8211,"Moisture Absorption, Insulation",6145,EL,14-Apr-1967,,,
FED-STD-228/8221,"Moisture Absorption, Fibrous Covering",6145,EL,14-Apr-1967,,,
FED-STD-228/8231,Insulation Shrinkage (Molten Solder Method),6145,EL,14-Apr-1967,,,
FED-STD-228/8311,"Weight, Wire or Cable, Conductor and Covering Material",6145,EL,14-Apr-1967,,,
FED-STD-228/8321,Specific Gravity; Pycnometer,6145,EL,14-Apr-1967,,,
FED-STD-228/8322,Specific Gravity; Hydrostatic,6145,EL,14-Apr-1967,"Notice: 2 4-Jan-1993",,
FED-STD-236A,Cleaning and Renovating of Cotton Felted Mattresses,7210,GL,13-Mar-1969,,,
FED-STD-245E,Tolerances for Aluminum Alloy and Magnesium Alloy Wrought Pr,MISC,AS,26-Oct-1985,,,
FED-STD-265,Carpets and Rugs,7220,FSS,28-Jun-1968,,,
FED-STD-536A/GEN,Soap and Soap Products (Including Synthetic Detergents); Sam,7930,FSS,9-May-1975,"Notice: 1 30-May-2007",,
FED-STD-297E,Rustproofing of Commercial (Nontactical) Vehicles,23GP,AT,1-Aug-1990,,,
FED-STD-311/4021,"Cracking, Hand",8300,GL,15-Jan-1969,,,
FED-STD-311/4111,Piping,8300,GL,15-Jan-1969,,,
FED-STD-311/4211.2,Stiffness,8300,GL,24-Jan-1975,,,
FED-STD-311/4212,Torsion Wire Stiffness Measurement,8300,GL,13-Jul-1972,,,
FED-STD-311/4411,Compressibility,8300,GL,15-Jan-1969,,,
FED-STD-311/5021,"Mildew Resistance; Direct Inoculation, Pure Culture, Non-Ste",8300,GL,15-Jan-1969,,,
FED-STD-311/5041,"Mildew Resistance, Tropical Chamber Method",8300,GL,15-Jan-1969,,,
FED-STD-311/6001,"Chemical Tests, General",8300,GL,15-Jan-1969,,,
FED-STD-311/6002.1,Preparation of Composite Sample,8300,GL,27-Aug-1971,,,
FED-STD-311/6111,"Aldehyde, Qualitative",8300,GL,15-Jan-1969,,,
FED-STD-311/6211,"Moisture Content, Dry Air Method",8300,GL,15-Jan-1969,,,
FED-STD-311/6221,"Moisture Content, Oven Method",8300,GL,15-Jan-1969,,,
FED-STD-311/6311,Chloroform Extraction,8300,GL,15-Jan-1969,,,
FED-STD-311/6341,"Chloroform-Soluble and Water-Soluble Materials, and Insolubl",8300,GL,15-Jan-1969,,,
FED-STD-311/6351,"Chlorides, Soluble",8300,GL,15-Jan-1969,,,
FED-STD-311/6361,"Sulfates, Soluble",8300,GL,15-Jan-1969,,,
FED-STD-311/6371,Acetone Insoluble Material,8300,GL,15-Jan-1969,,,
FED-STD-311/6421,"Ash, Total",8300,GL,15-Jan-1969,,,
FED-STD-311/6431,Alkali Solubility of Leather Cellulose Mixtures,8300,GL,15-Jan-1969,,,
FED-STD-311/6441,"Nitrogen, Collagenous and Hide Substance",8300,GL,15-Jan-1969,,,
FED-STD-311/6452,"Nitrogen, Water Extractable",8300,GL,15-Jan-1969,,,
FED-STD-311/6511,"Chromic Oxide, Fusion Method",8300,GL,15-Jan-1969,,,
FED-STD-311/6515,"Chromic Oxide, Perchloric Acid Method",8300,GL,15-Jan-1969,,,